-- phpMyAdmin SQL Dump
-- version 5.2.1
-- https://www.phpmyadmin.net/
--
-- Host: 127.0.0.1
-- Generation Time: Feb 25, 2025 at 12:10 PM
-- Server version: 10.4.32-MariaDB
-- PHP Version: 8.0.30

SET SQL_MODE = "NO_AUTO_VALUE_ON_ZERO";
START TRANSACTION;
SET time_zone = "+00:00";


/*!40101 SET @OLD_CHARACTER_SET_CLIENT=@@CHARACTER_SET_CLIENT */;
/*!40101 SET @OLD_CHARACTER_SET_RESULTS=@@CHARACTER_SET_RESULTS */;
/*!40101 SET @OLD_COLLATION_CONNECTION=@@COLLATION_CONNECTION */;
/*!40101 SET NAMES utf8mb4 */;

--
-- Database: `mechat`
--

-- --------------------------------------------------------

--
-- Table structure for table `blogs`
--

CREATE TABLE `blogs` (
  `id` int(11) NOT NULL,
  `title` varchar(255) NOT NULL,
  `content` text NOT NULL,
  `author` varchar(50) NOT NULL,
  `created_at` timestamp NOT NULL DEFAULT current_timestamp()
) ENGINE=InnoDB DEFAULT CHARSET=utf8mb4 COLLATE=utf8mb4_general_ci;

--
-- Dumping data for table `blogs`
--

INSERT INTO `blogs` (`id`, `title`, `content`, `author`, `created_at`) VALUES
(1, 'lalal', 'lalalalala', 'fatih', '2025-02-14 08:37:33');

-- --------------------------------------------------------

--
-- Table structure for table `groups`
--

CREATE TABLE `groups` (
  `id` int(11) NOT NULL,
  `group_name` varchar(100) NOT NULL
) ENGINE=InnoDB DEFAULT CHARSET=utf8mb4 COLLATE=utf8mb4_general_ci;

--
-- Dumping data for table `groups`
--

INSERT INTO `groups` (`id`, `group_name`) VALUES
(1, 'ewaaaa'),
(2, 'nigg');

-- --------------------------------------------------------

--
-- Table structure for table `group_members`
--

CREATE TABLE `group_members` (
  `id` int(11) NOT NULL,
  `group_id` int(11) NOT NULL,
  `user_id` int(11) NOT NULL
) ENGINE=InnoDB DEFAULT CHARSET=utf8mb4 COLLATE=utf8mb4_general_ci;

-- --------------------------------------------------------

--
-- Table structure for table `group_messages`
--

CREATE TABLE `group_messages` (
  `id` int(11) NOT NULL,
  `group_id` int(11) NOT NULL,
  `sender_id` int(11) NOT NULL,
  `message` text NOT NULL,
  `created_at` timestamp NOT NULL DEFAULT current_timestamp(),
  `media_url` varchar(255) DEFAULT NULL
) ENGINE=InnoDB DEFAULT CHARSET=utf8mb4 COLLATE=utf8mb4_general_ci;

--
-- Dumping data for table `group_messages`
--

INSERT INTO `group_messages` (`id`, `group_id`, `sender_id`, `message`, `created_at`, `media_url`) VALUES
(1, 1, 1, 'ewa', '2025-02-13 20:02:41', NULL),
(2, 1, 1, '', '2025-02-13 20:03:34', 'http://localhost:3000/uploads/1739480614209-van-mendoza-r7YZXv5f5cc-unsplash.jpg'),
(3, 2, 1, '', '2025-02-14 08:08:20', 'http://localhost:3000/uploads/1739524100751-van-mendoza-r7YZXv5f5cc-unsplash.jpg'),
(4, 2, 1, '', '2025-02-14 08:08:20', 'http://localhost:3000/uploads/1739524100752-van-mendoza-r7YZXv5f5cc-unsplash.jpg'),
(5, 2, 1, '', '2025-02-14 08:08:20', 'http://localhost:3000/uploads/1739524100755-van-mendoza-r7YZXv5f5cc-unsplash.jpg'),
(6, 2, 1, 'ewaaa', '2025-02-15 09:16:57', NULL);

-- --------------------------------------------------------

--
-- Table structure for table `private_messages`
--

CREATE TABLE `private_messages` (
  `id` int(11) NOT NULL,
  `sender_id` int(11) NOT NULL,
  `receiver_id` int(11) NOT NULL,
  `message` text NOT NULL,
  `created_at` timestamp NOT NULL DEFAULT current_timestamp(),
  `media_url` varchar(255) DEFAULT NULL
) ENGINE=InnoDB DEFAULT CHARSET=utf8mb4 COLLATE=utf8mb4_general_ci;

--
-- Dumping data for table `private_messages`
--

INSERT INTO `private_messages` (`id`, `sender_id`, `receiver_id`, `message`, `created_at`, `media_url`) VALUES
(1, 1, 2, 'hai', '2025-02-13 21:52:32', NULL),
(2, 2, 1, 'wdj vanavond', '2025-02-13 21:52:40', NULL),
(3, 2, 1, '', '2025-02-13 21:52:50', 'http://localhost:3000/uploads/1739483570520-van-mendoza-r7YZXv5f5cc-unsplash.jpg');

-- --------------------------------------------------------

--
-- Table structure for table `users`
--

CREATE TABLE `users` (
  `id` int(11) NOT NULL,
  `username` varchar(50) NOT NULL,
  `password` varchar(255) NOT NULL,
  `profile_color` varchar(20) DEFAULT NULL
) ENGINE=InnoDB DEFAULT CHARSET=utf8mb4 COLLATE=utf8mb4_general_ci;

--
-- Dumping data for table `users`
--

INSERT INTO `users` (`id`, `username`, `password`, `profile_color`) VALUES
(1, 'fatih', '$2b$10$741la35SxZoGI0Tanx.KKuBZ2pEBWUOC5lQoi0ZGaNYcDIb5AXT9e', 'skyblue'),
(2, 'piet', '$2b$10$XCaGOQUErcKAiTxBvWqKreLWhRiOKmrYbcfU7X7QmezgtlhPumNWm', NULL);

--
-- Indexes for dumped tables
--

--
-- Indexes for table `blogs`
--
ALTER TABLE `blogs`
  ADD PRIMARY KEY (`id`),
  ADD KEY `author` (`author`);

--
-- Indexes for table `groups`
--
ALTER TABLE `groups`
  ADD PRIMARY KEY (`id`);

--
-- Indexes for table `group_members`
--
ALTER TABLE `group_members`
  ADD PRIMARY KEY (`id`),
  ADD KEY `group_id` (`group_id`),
  ADD KEY `user_id` (`user_id`);

--
-- Indexes for table `group_messages`
--
ALTER TABLE `group_messages`
  ADD PRIMARY KEY (`id`),
  ADD KEY `group_id` (`group_id`),
  ADD KEY `sender_id` (`sender_id`);

--
-- Indexes for table `private_messages`
--
ALTER TABLE `private_messages`
  ADD PRIMARY KEY (`id`),
  ADD KEY `sender_id` (`sender_id`),
  ADD KEY `receiver_id` (`receiver_id`);

--
-- Indexes for table `users`
--
ALTER TABLE `users`
  ADD PRIMARY KEY (`id`),
  ADD UNIQUE KEY `username` (`username`);

--
-- AUTO_INCREMENT for dumped tables
--

--
-- AUTO_INCREMENT for table `blogs`
--
ALTER TABLE `blogs`
  MODIFY `id` int(11) NOT NULL AUTO_INCREMENT, AUTO_INCREMENT=2;

--
-- AUTO_INCREMENT for table `groups`
--
ALTER TABLE `groups`
  MODIFY `id` int(11) NOT NULL AUTO_INCREMENT, AUTO_INCREMENT=3;

--
-- AUTO_INCREMENT for table `group_members`
--
ALTER TABLE `group_members`
  MODIFY `id` int(11) NOT NULL AUTO_INCREMENT;

--
-- AUTO_INCREMENT for table `group_messages`
--
ALTER TABLE `group_messages`
  MODIFY `id` int(11) NOT NULL AUTO_INCREMENT, AUTO_INCREMENT=7;

--
-- AUTO_INCREMENT for table `private_messages`
--
ALTER TABLE `private_messages`
  MODIFY `id` int(11) NOT NULL AUTO_INCREMENT, AUTO_INCREMENT=4;

--
-- AUTO_INCREMENT for table `users`
--
ALTER TABLE `users`
  MODIFY `id` int(11) NOT NULL AUTO_INCREMENT, AUTO_INCREMENT=3;

--
-- Constraints for dumped tables
--

--
-- Constraints for table `blogs`
--
ALTER TABLE `blogs`
  ADD CONSTRAINT `blogs_ibfk_1` FOREIGN KEY (`author`) REFERENCES `users` (`username`) ON DELETE CASCADE;

--
-- Constraints for table `group_members`
--
ALTER TABLE `group_members`
  ADD CONSTRAINT `group_members_ibfk_1` FOREIGN KEY (`group_id`) REFERENCES `groups` (`id`) ON DELETE CASCADE,
  ADD CONSTRAINT `group_members_ibfk_2` FOREIGN KEY (`user_id`) REFERENCES `users` (`id`) ON DELETE CASCADE;

--
-- Constraints for table `group_messages`
--
ALTER TABLE `group_messages`
  ADD CONSTRAINT `group_messages_ibfk_1` FOREIGN KEY (`group_id`) REFERENCES `groups` (`id`) ON DELETE CASCADE,
  ADD CONSTRAINT `group_messages_ibfk_2` FOREIGN KEY (`sender_id`) REFERENCES `users` (`id`) ON DELETE CASCADE;

--
-- Constraints for table `private_messages`
--
ALTER TABLE `private_messages`
  ADD CONSTRAINT `private_messages_ibfk_1` FOREIGN KEY (`sender_id`) REFERENCES `users` (`id`) ON DELETE CASCADE,
  ADD CONSTRAINT `private_messages_ibfk_2` FOREIGN KEY (`receiver_id`) REFERENCES `users` (`id`) ON DELETE CASCADE;
COMMIT;

/*!40101 SET CHARACTER_SET_CLIENT=@OLD_CHARACTER_SET_CLIENT */;
/*!40101 SET CHARACTER_SET_RESULTS=@OLD_CHARACTER_SET_RESULTS */;
/*!40101 SET COLLATION_CONNECTION=@OLD_COLLATION_CONNECTION */;
